docid,outletLabel
010d924f-4636-45ce-a97e-703055a109ad,Right
010d924f-4636-45ce-a97e-703055a109ad,
01cf769b-136c-483d-8e7f-d59e6a7b4dbe,Right
01cf769b-136c-483d-8e7f-d59e6a7b4dbe,
01dbbdbe-e1ed-4a8e-8f52-a1cc3a8765be,Right
01dbbdbe-e1ed-4a8e-8f52-a1cc3a8765be,
0246f4f9-cf25-4a1f-97ad-2f46fd8272f1,Right
0246f4f9-cf25-4a1f-97ad-2f46fd8272f1,
0294a28d-68cd-4001-857e-f1656a4b3495,Right
0294a28d-68cd-4001-857e-f1656a4b3495,
0549bbca-a559-4b4e-be6b-07af81790f4f,Right
0549bbca-a559-4b4e-be6b-07af81790f4f,
061bce91-0472-4600-b6eb-ba06ccfbd32c,Left
061bce91-0472-4600-b6eb-ba06ccfbd32c,
066f8616-6722-4660-8e73-da8a8effc0ff,Right
066f8616-6722-4660-8e73-da8a8effc0ff,
06851ed2-6ee5-4715-9d81-e8b522b864d8,Left
06851ed2-6ee5-4715-9d81-e8b522b864d8,
091773c9-9457-4534-b764-d19057a39204,Right
091773c9-9457-4534-b764-d19057a39204,
0a066170-32ee-4871-9a2c-4431689a220d,Right
0a066170-32ee-4871-9a2c-4431689a220d,
0b0e4793-c778-432e-a738-d95bc92adf8b,Right
0b0e4793-c778-432e-a738-d95bc92adf8b,
0b2f7734-6169-4ac7-a84e-e09e4f87861b,Right
0b2f7734-6169-4ac7-a84e-e09e4f87861b,
0befc1d8-e3e9-43c2-bac8-1105377b63a9,Left
0befc1d8-e3e9-43c2-bac8-1105377b63a9,
0c51ca10-7520-4fc3-b42d-325d5e22e1fd,Left
0c51ca10-7520-4fc3-b42d-325d5e22e1fd,
0caa1b6e-2ee6-46d3-8b6a-de381cfe10a3,Left
0caa1b6e-2ee6-46d3-8b6a-de381cfe10a3,
0ef830b3-7011-452f-99af-ea605d9dc23d,Right
0ef830b3-7011-452f-99af-ea605d9dc23d,
12a2cac7-29e3-4c16-af08-44d81096949d,Right
12a2cac7-29e3-4c16-af08-44d81096949d,
14a46c4a-a46e-4c7d-8d29-56efc2c4056f,Left
14a46c4a-a46e-4c7d-8d29-56efc2c4056f,
155c1600-8567-4b00-b5d6-15546e72eb09,Right
155c1600-8567-4b00-b5d6-15546e72eb09,
156fd702-89d5-47b6-b18b-9ffe174e5494,Right
156fd702-89d5-47b6-b18b-9ffe174e5494,
162dd30f-423e-42b3-8ac4-73731bc4fa59,Left
162dd30f-423e-42b3-8ac4-73731bc4fa59,
16504ef2-5578-4012-8b7c-c444f8b4c423,Right
16504ef2-5578-4012-8b7c-c444f8b4c423,
1722436e-a76e-404d-aed9-fb946f9ef7aa,Right
1722436e-a76e-404d-aed9-fb946f9ef7aa,
17468554-cc61-4b0a-adc2-028d2e9b3be8,Left
17468554-cc61-4b0a-adc2-028d2e9b3be8,
17738d21-3d2f-45c4-b3bb-3f21b7e6826c,Right
17738d21-3d2f-45c4-b3bb-3f21b7e6826c,
189d85a4-be9b-45c1-afaf-ba6a88e5ec64,Right
189d85a4-be9b-45c1-afaf-ba6a88e5ec64,
1a601803-2c78-41e0-9ae3-8dd61e315437,Right
1a601803-2c78-41e0-9ae3-8dd61e315437,
1b85fb53-7798-4e93-b63c-713ce350d8cc,Left
1b85fb53-7798-4e93-b63c-713ce350d8cc,
1b8a9395-94b4-4183-9b16-f12bd692aadd,Left
1b8a9395-94b4-4183-9b16-f12bd692aadd,
1bac511a-ab59-4820-8558-74d9cdf0f86f,Right
1bac511a-ab59-4820-8558-74d9cdf0f86f,
1c61bd7b-4273-42ac-a1b2-0661ec6212b1,Left
1c61bd7b-4273-42ac-a1b2-0661ec6212b1,
1d5931db-2c9d-432f-8990-87cc90fff517,Right
1d5931db-2c9d-432f-8990-87cc90fff517,
1d5c739f-5e4b-4be8-8a42-13d8a62eca40,Left
1d5c739f-5e4b-4be8-8a42-13d8a62eca40,
1ef31032-b22b-46fe-a565-7b139197e35f,Right
1ef31032-b22b-46fe-a565-7b139197e35f,
1ef62b29-032b-4b69-a7fc-50279895cfd4,Left
1ef62b29-032b-4b69-a7fc-50279895cfd4,
1f0bc0f5-c7ca-4c39-abc7-1190fafa5cf7,Right
1f0bc0f5-c7ca-4c39-abc7-1190fafa5cf7,
1f946ea1-8c95-4b92-9530-5c596c4e469b,Left
1f946ea1-8c95-4b92-9530-5c596c4e469b,
207874b1-507e-45db-9009-a4768e26b33b,Right
207874b1-507e-45db-9009-a4768e26b33b,
21aa7956-73d7-47a0-8d0c-2372040af5b2,Right
21aa7956-73d7-47a0-8d0c-2372040af5b2,
21e7e2c1-a501-4fc5-a2b8-caec6d25ae95,Right
21e7e2c1-a501-4fc5-a2b8-caec6d25ae95,
228737df-4bd9-4dc0-8d1d-720faf027a5b,Left
228737df-4bd9-4dc0-8d1d-720faf027a5b,
22db9529-bbc3-46b1-83ad-522571b4d065,Right
22db9529-bbc3-46b1-83ad-522571b4d065,
259b95ba-221b-42c2-b490-a318b5c75b00,Left
259b95ba-221b-42c2-b490-a318b5c75b00,
260a13e9-9055-4c48-8a2f-135c3a704b95,Left
260a13e9-9055-4c48-8a2f-135c3a704b95,
265b3116-4c12-4a9b-9760-e9438877a60c,Left
265b3116-4c12-4a9b-9760-e9438877a60c,
288875e9-080e-44b0-8098-f9b66e26a141,Right
288875e9-080e-44b0-8098-f9b66e26a141,
29391844-2f9c-4aee-9e6d-0ce6a2870030,Right
29391844-2f9c-4aee-9e6d-0ce6a2870030,
29c46291-ae3c-4e26-8b51-abd7127b4047,Right
29c46291-ae3c-4e26-8b51-abd7127b4047,
2a4588c9-7a03-432b-922a-afb56915267e,Right
2a4588c9-7a03-432b-922a-afb56915267e,
2c8e5808-f80d-49f4-9f41-4e421ac4938d,Right
2c8e5808-f80d-49f4-9f41-4e421ac4938d,
2cd002af-bd38-4acb-8b25-124e0b246ad6,Right
2cd002af-bd38-4acb-8b25-124e0b246ad6,
2e0d4476-54a0-4129-a99c-e7ad72281ca5,Right
2e0d4476-54a0-4129-a99c-e7ad72281ca5,
2e7c871c-54a8-424d-931a-199a7e5c6070,Right
2e7c871c-54a8-424d-931a-199a7e5c6070,
2eb8dc69-f50b-4fb7-9bae-66850a181086,Right
2eb8dc69-f50b-4fb7-9bae-66850a181086,
2f0ce987-3761-4f7b-bc2c-1ec5696f92fc,Right
2f0ce987-3761-4f7b-bc2c-1ec5696f92fc,
2f8919db-7911-49fb-9511-3a49d8bf04ed,Right
2f8919db-7911-49fb-9511-3a49d8bf04ed,
303c24d2-860a-4d21-b426-5f22273bdaa5,Right
303c24d2-860a-4d21-b426-5f22273bdaa5,
31593fab-912f-41f8-9281-f08b634afd32,Left
31593fab-912f-41f8-9281-f08b634afd32,
319ff472-3c2a-4cac-91a9-0dfcaecff000,Right
319ff472-3c2a-4cac-91a9-0dfcaecff000,
32fb5e1d-8073-4c49-bddb-b0826d40f2b7,Right
32fb5e1d-8073-4c49-bddb-b0826d40f2b7,
334e87e4-adad-44d4-9754-87f39797f2c1,Right
334e87e4-adad-44d4-9754-87f39797f2c1,
33ed677d-ab9b-4daf-bb26-1cd095d7dfa5,Right
33ed677d-ab9b-4daf-bb26-1cd095d7dfa5,
340bccc6-4647-431e-9a18-d133f755739b,Right
340bccc6-4647-431e-9a18-d133f755739b,
3462d0f8-ef09-4774-abe9-75b8fc64f762,Left
3462d0f8-ef09-4774-abe9-75b8fc64f762,
34d898f9-c0d7-4438-bea5-5e582676f90b,Left
34d898f9-c0d7-4438-bea5-5e582676f90b,
35492fcc-28c7-499f-8822-711352bbcca0,Left
35492fcc-28c7-499f-8822-711352bbcca0,
3560b060-d18d-4e5d-92d8-618e51aa46fc,Left
3560b060-d18d-4e5d-92d8-618e51aa46fc,
3579fb85-4dd5-4ff8-a681-fa1148833070,Right
3579fb85-4dd5-4ff8-a681-fa1148833070,
35a8c7f6-c43d-4f7b-b081-4af30219afbc,Right
35a8c7f6-c43d-4f7b-b081-4af30219afbc,
36b2a365-18da-47ec-80ca-0925a7b38257,Right
36b2a365-18da-47ec-80ca-0925a7b38257,
37cfca80-28db-4b6a-8f62-d3d2e7500b9d,Right
37cfca80-28db-4b6a-8f62-d3d2e7500b9d,
3913bcbd-3809-46c4-9d64-0b114c9ba23e,Right
3913bcbd-3809-46c4-9d64-0b114c9ba23e,
39549ac7-982d-44be-bb66-441d4bc588dd,Left
39549ac7-982d-44be-bb66-441d4bc588dd,
397c7154-4adf-4aca-bf9a-f244845df6a0,Right
397c7154-4adf-4aca-bf9a-f244845df6a0,
3a10931a-cc3d-45c4-9329-4e820a4e5a95,Right
3a10931a-cc3d-45c4-9329-4e820a4e5a95,
3b32473d-1100-4805-878c-647604858a73,Right
3b32473d-1100-4805-878c-647604858a73,
3b9bdced-a52e-45b5-ab4b-6c0d8224ae07,Right
3b9bdced-a52e-45b5-ab4b-6c0d8224ae07,
3cd30542-ae56-4c0e-b6b7-e6acdcbe5de7,Right
3cd30542-ae56-4c0e-b6b7-e6acdcbe5de7,
3eedd3a3-27c1-4db9-a4fd-0cc9130b400c,Right
3eedd3a3-27c1-4db9-a4fd-0cc9130b400c,
40a2913d-3b74-4a3a-848a-38a9cbe8adc7,Left
40a2913d-3b74-4a3a-848a-38a9cbe8adc7,
40db9799-3725-43eb-86a5-d02c9e0cd24c,Right
40db9799-3725-43eb-86a5-d02c9e0cd24c,
413aa452-58df-4791-a1aa-173282d7990f,Right
413aa452-58df-4791-a1aa-173282d7990f,
41428d3c-58d5-409a-b2ca-f4f47195540e,Right
41428d3c-58d5-409a-b2ca-f4f47195540e,
414e686e-3b2f-4f8c-af53-2ee17d454cf9,Right
414e686e-3b2f-4f8c-af53-2ee17d454cf9,
41806cca-34c9-4660-874a-e8efe4f5e95d,Right
41806cca-34c9-4660-874a-e8efe4f5e95d,
42a0ee41-9e96-446e-8ed9-bda879fe7f53,Right
42a0ee41-9e96-446e-8ed9-bda879fe7f53,
43215186-749f-4e92-9d78-7286f8177ef3,Right
43215186-749f-4e92-9d78-7286f8177ef3,
43353164-939f-4d58-9856-6577b3a49389,Right
43353164-939f-4d58-9856-6577b3a49389,
437793e0-311e-4b6c-9f52-4622b5cdff22,Right
437793e0-311e-4b6c-9f52-4622b5cdff22,
4379eaf5-dbd2-47ca-9563-e48bffb44c2c,Right
4379eaf5-dbd2-47ca-9563-e48bffb44c2c,
444ffd57-5267-480f-b9db-dd9a3a3876a8,Right
444ffd57-5267-480f-b9db-dd9a3a3876a8,
44baead2-f908-4da8-bf69-96cf06dc00fe,Right
44baead2-f908-4da8-bf69-96cf06dc00fe,
44d76cf5-53f8-499d-a9a2-cb82adf822e8,Right
44d76cf5-53f8-499d-a9a2-cb82adf822e8,
44fb9c2f-9323-4544-9b7b-9788c5b041fa,Right
44fb9c2f-9323-4544-9b7b-9788c5b041fa,
45bb966d-3fdb-4c58-873a-9ec113531f94,Left
45bb966d-3fdb-4c58-873a-9ec113531f94,
46c59a4c-86b2-4b10-be35-6eddd314ca2a,Right
46c59a4c-86b2-4b10-be35-6eddd314ca2a,
471142f2-bf8c-4f2b-a5d1-0c42dd42c265,Right
471142f2-bf8c-4f2b-a5d1-0c42dd42c265,
47b1cbef-e1b0-46ef-903f-c8c86cac968f,Right
47b1cbef-e1b0-46ef-903f-c8c86cac968f,
4809373e-9ed6-4859-b066-b540d91890dc,Right
4809373e-9ed6-4859-b066-b540d91890dc,
48644e02-fb8c-4fdb-b071-0fd2743bc477,Right
48644e02-fb8c-4fdb-b071-0fd2743bc477,
497c489d-0250-45af-8e59-18d69b081641,Right
497c489d-0250-45af-8e59-18d69b081641,
4c3878a5-0893-4f95-b479-eef7f111e7eb,Right
4c3878a5-0893-4f95-b479-eef7f111e7eb,
4fc33e1d-cab8-42b2-8edd-1550e1ce62c5,Right
4fc33e1d-cab8-42b2-8edd-1550e1ce62c5,
4ff90c5c-f304-4cc5-9de2-76633a667178,Left
4ff90c5c-f304-4cc5-9de2-76633a667178,
52c2af46-de16-4d6c-9945-cdb5ca7a4b70,Right
52c2af46-de16-4d6c-9945-cdb5ca7a4b70,
53a4b59d-82a9-4d4d-9ea7-847a1fa00899,Right
53a4b59d-82a9-4d4d-9ea7-847a1fa00899,
53b48721-43eb-4114-afda-bca5720c80e7,Right
53b48721-43eb-4114-afda-bca5720c80e7,
55aaf5fa-4827-49a2-bf53-dc75d0e4df63,Left
55aaf5fa-4827-49a2-bf53-dc75d0e4df63,
565c7a2e-fea2-44df-9fbd-0c7ec94b6972,Right
565c7a2e-fea2-44df-9fbd-0c7ec94b6972,
5693a6f3-e4b1-4c03-aeb6-0b68d9191465,Left
5693a6f3-e4b1-4c03-aeb6-0b68d9191465,
56ff2801-dffa-41dc-b405-a796b4a7d782,Left
56ff2801-dffa-41dc-b405-a796b4a7d782,
5a271725-f56f-454c-9a97-8bec34b4af9e,Right
5a271725-f56f-454c-9a97-8bec34b4af9e,
5abb7370-554c-47ba-a842-dbf03f665607,Left
5abb7370-554c-47ba-a842-dbf03f665607,
5c03197a-ae18-42c6-bddf-27ef6b62c050,Right
5c03197a-ae18-42c6-bddf-27ef6b62c050,
5d1435b9-edf9-4f78-a858-261667b3f516,Right
5d1435b9-edf9-4f78-a858-261667b3f516,
5e91c2a2-ede7-4b80-9810-d967ef3fa291,Left
5e91c2a2-ede7-4b80-9810-d967ef3fa291,
5fc252d5-58de-4ab2-9fa1-0a4ba1f15cff,Left
5fc252d5-58de-4ab2-9fa1-0a4ba1f15cff,
60b4c29e-e41c-404b-80d7-e465346c2684,Left
60b4c29e-e41c-404b-80d7-e465346c2684,
62fc683e-4692-4b82-9fbb-f7f34b8d78c1,Right
62fc683e-4692-4b82-9fbb-f7f34b8d78c1,
633a12f3-1534-4e0d-9d6f-8254ddd83957,Right
633a12f3-1534-4e0d-9d6f-8254ddd83957,
63ee9840-3926-418c-ad22-f082dda49eb5,Left
63ee9840-3926-418c-ad22-f082dda49eb5,
64d628b6-00bd-4669-8f8f-90295dc63cc9,Left
64d628b6-00bd-4669-8f8f-90295dc63cc9,
6684a164-fc0f-432c-a65f-fc60b5811e2e,Left
6684a164-fc0f-432c-a65f-fc60b5811e2e,
66a204f7-2e58-4f9b-a582-ddf603d34e5f,Right
66a204f7-2e58-4f9b-a582-ddf603d34e5f,
66ddbca9-d303-41e3-8480-b389b86e9d57,Left
66ddbca9-d303-41e3-8480-b389b86e9d57,
69e45b8f-5257-437e-a635-255e67dbdbb6,Right
69e45b8f-5257-437e-a635-255e67dbdbb6,
6a87c656-1ef4-4fa2-b5a7-367d06dece2f,Right
6a87c656-1ef4-4fa2-b5a7-367d06dece2f,
6c3aa4f5-8751-491f-8dd0-5b57d9a9f8e8,Right
6c3aa4f5-8751-491f-8dd0-5b57d9a9f8e8,
6d6acfb9-b871-4fda-9014-a078a8b0304d,Right
6d6acfb9-b871-4fda-9014-a078a8b0304d,
6d6e0d6f-ada1-4f61-a660-9a63b51a51e3,Left
6d6e0d6f-ada1-4f61-a660-9a63b51a51e3,
6ed901bd-e66d-4993-92ec-9da8fd445e8f,Right
6ed901bd-e66d-4993-92ec-9da8fd445e8f,
6edc1418-284a-4a01-ab22-a41e32fb4616,Right
6edc1418-284a-4a01-ab22-a41e32fb4616,
6f4d372b-a94e-45a9-bfe9-4ed4c2292db5,Right
6f4d372b-a94e-45a9-bfe9-4ed4c2292db5,
6f87db97-ac60-42b7-9f0e-febaa2a3cdcf,Right
6f87db97-ac60-42b7-9f0e-febaa2a3cdcf,
71b2d99c-b584-4f52-a4a8-f5438bb1c19e,Right
71b2d99c-b584-4f52-a4a8-f5438bb1c19e,
720e2402-f3d2-49f4-875d-c33e73ad2ff0,Left
720e2402-f3d2-49f4-875d-c33e73ad2ff0,
722c87c9-3448-4495-b04b-336303346fd3,Left
722c87c9-3448-4495-b04b-336303346fd3,
7343404d-205b-4d33-8563-717a972c1c18,Left
7343404d-205b-4d33-8563-717a972c1c18,
73c65e26-8e72-4ce4-973e-6b2a95f4a72d,Right
73c65e26-8e72-4ce4-973e-6b2a95f4a72d,
748838dc-c056-408e-a9f4-d92268ce423c,Left
748838dc-c056-408e-a9f4-d92268ce423c,
76018171-0d3d-4533-b54b-faf97442777a,Left
76018171-0d3d-4533-b54b-faf97442777a,
76e341dd-87c6-4a62-b079-a0c4a6e0a5cc,Right
76e341dd-87c6-4a62-b079-a0c4a6e0a5cc,
77edcae2-99c2-48cf-a7c2-4cbf45592e65,Right
77edcae2-99c2-48cf-a7c2-4cbf45592e65,
780d1c18-1f05-4365-9f25-9a3ee0a42dd2,Right
780d1c18-1f05-4365-9f25-9a3ee0a42dd2,
7818081c-dbfc-4a6c-ad4d-fcae8a0861bf,Right
7818081c-dbfc-4a6c-ad4d-fcae8a0861bf,
785e479b-4cc4-4c56-9596-d3cf7cc5791f,Left
785e479b-4cc4-4c56-9596-d3cf7cc5791f,
78d72462-03cb-4f98-b68b-3bc9841aa4fd,Right
78d72462-03cb-4f98-b68b-3bc9841aa4fd,
7976d18f-9fe0-4ef3-a1aa-bdbadd84fc47,Right
7976d18f-9fe0-4ef3-a1aa-bdbadd84fc47,
7c036fff-6b2d-42d7-b1be-63e234a661f8,Right
7c036fff-6b2d-42d7-b1be-63e234a661f8,
7c2cb8c3-1d40-4dae-89e1-e2f6b2e90caf,Left
7c2cb8c3-1d40-4dae-89e1-e2f6b2e90caf,
7e08987f-7e50-4d29-bc32-1a444b31c0de,Right
7e08987f-7e50-4d29-bc32-1a444b31c0de,
7e1018e3-1987-435d-9dae-89271db05784,Right
7e1018e3-1987-435d-9dae-89271db05784,
7e9742ef-5cf4-4790-bba1-c633f5be2156,Right
7e9742ef-5cf4-4790-bba1-c633f5be2156,
7ec0a751-097c-4862-9ebb-dec241a2431a,Left
7ec0a751-097c-4862-9ebb-dec241a2431a,
7f4cb39a-a77f-4073-8387-37d1bd8ae368,Right
7f4cb39a-a77f-4073-8387-37d1bd8ae368,
806dfa97-a252-4382-bb37-a819b4e24383,Right
806dfa97-a252-4382-bb37-a819b4e24383,
80f8674b-212f-402a-b373-41be0cd7bb64,Right
80f8674b-212f-402a-b373-41be0cd7bb64,
81d149d2-3fd5-4815-86ef-9c615fd86f28,Right
81d149d2-3fd5-4815-86ef-9c615fd86f28,
826a3401-d380-425b-af61-93c768a9266e,Right
826a3401-d380-425b-af61-93c768a9266e,
83c83b16-348b-4b38-90d1-978fea31edde,Right
83c83b16-348b-4b38-90d1-978fea31edde,
8462881f-a8b7-48c6-92e9-294f2cfd6a15,Right
8462881f-a8b7-48c6-92e9-294f2cfd6a15,
84acc2dc-be73-4d88-b14d-e4ac37995887,Right
84acc2dc-be73-4d88-b14d-e4ac37995887,
85dba37d-68fb-4aa6-8e3a-c6e2d9663c76,Right
85dba37d-68fb-4aa6-8e3a-c6e2d9663c76,
8662fb3a-a8c3-4be5-82d2-a0d6d7eed3ff,Right
8662fb3a-a8c3-4be5-82d2-a0d6d7eed3ff,
86a181e7-d173-4fca-be54-be2102d966a7,Left
86a181e7-d173-4fca-be54-be2102d966a7,
86c6bb83-f7a3-4cf8-81d9-67068c5ea591,Left
86c6bb83-f7a3-4cf8-81d9-67068c5ea591,
86e4b1f5-89a0-4b1f-abf6-65d25d16e99d,Right
86e4b1f5-89a0-4b1f-abf6-65d25d16e99d,
879f74e0-0600-4451-a4a1-390a2f8d34b1,Right
879f74e0-0600-4451-a4a1-390a2f8d34b1,
891fe2ba-02fb-49a1-97c3-0f08a24cc2f4,Left
891fe2ba-02fb-49a1-97c3-0f08a24cc2f4,
8b880a68-71f1-4b42-9f74-7b968bf5f9c3,Left
8b880a68-71f1-4b42-9f74-7b968bf5f9c3,
8d5d88da-79b1-43a0-bb6c-75f60fe6520e,Left
8d5d88da-79b1-43a0-bb6c-75f60fe6520e,
8d7a6af4-fd80-4f55-b57f-1b8d52e02ff3,Left
8d7a6af4-fd80-4f55-b57f-1b8d52e02ff3,
8e9c7ff4-d3bb-4cf5-8f4e-55cbc2344e7b,Left
8e9c7ff4-d3bb-4cf5-8f4e-55cbc2344e7b,
8f3e3f29-baae-4a70-97a6-62b8e5c42f72,Right
8f3e3f29-baae-4a70-97a6-62b8e5c42f72,
8f615eca-f4e0-4ddd-a616-851837f47415,Right
8f615eca-f4e0-4ddd-a616-851837f47415,
8fe239d5-2f6a-42c1-9055-0db8b46ad837,Right
8fe239d5-2f6a-42c1-9055-0db8b46ad837,
9025a66a-eb2e-4110-b410-1c708ae65208,Right
9025a66a-eb2e-4110-b410-1c708ae65208,
91edd0d3-eead-4c4b-9091-6b922d94cb2f,Right
91edd0d3-eead-4c4b-9091-6b922d94cb2f,
949eae79-0e2d-4eff-98c4-12ce38adc27f,Left
949eae79-0e2d-4eff-98c4-12ce38adc27f,
99e3faef-dfb7-479e-91f8-78b8efdc8f33,Right
99e3faef-dfb7-479e-91f8-78b8efdc8f33,
99e6d813-5daf-47b8-af2b-a0366bbf6606,Left
99e6d813-5daf-47b8-af2b-a0366bbf6606,
9a9e4cdf-252c-413d-b6fa-f29c16af2dce,Right
9a9e4cdf-252c-413d-b6fa-f29c16af2dce,
9bc878a0-3f63-4702-b300-fe52ecbe153e,Left
9bc878a0-3f63-4702-b300-fe52ecbe153e,
9bf9651f-aab4-4fc8-bf1b-6f6508982846,Left
9bf9651f-aab4-4fc8-bf1b-6f6508982846,
9cbd3c92-4a23-419d-9244-bc7373bf51fc,Right
9cbd3c92-4a23-419d-9244-bc7373bf51fc,
9de8c9f5-d894-4cbb-a5d5-bf60dfd95fb1,Right
9de8c9f5-d894-4cbb-a5d5-bf60dfd95fb1,
9f201984-65cd-42ab-b0ef-1df79f786d6a,Left
9f201984-65cd-42ab-b0ef-1df79f786d6a,
9f822b6d-6980-4af1-8d39-81527708b3ee,Right
9f822b6d-6980-4af1-8d39-81527708b3ee,
a03c0be1-df35-474f-b5b1-908c1ddbd8c2,Right
a03c0be1-df35-474f-b5b1-908c1ddbd8c2,
a08dfb11-c6fe-45c3-b048-66b748b5d6c8,Right
a08dfb11-c6fe-45c3-b048-66b748b5d6c8,
a102e156-938d-4dd0-bba6-f07a334d238f,Left
a102e156-938d-4dd0-bba6-f07a334d238f,
a2934c1c-1dd7-4ff2-8f85-d4f56dfabad8,Right
a2934c1c-1dd7-4ff2-8f85-d4f56dfabad8,
a42e9eaa-eb6d-40e6-a090-89d2165c0d34,Left
a42e9eaa-eb6d-40e6-a090-89d2165c0d34,
a5c19641-f21a-4898-bb72-1819660fe155,Right
a5c19641-f21a-4898-bb72-1819660fe155,
a5e4f7dd-8737-4b30-8f1a-fd7bb08aef9e,Left
a5e4f7dd-8737-4b30-8f1a-fd7bb08aef9e,
a67eb9b6-aeda-4688-b571-19d4a0877d78,Right
a67eb9b6-aeda-4688-b571-19d4a0877d78,
a6f0e5d3-4776-4f1d-8bce-25856e911b36,Right
a6f0e5d3-4776-4f1d-8bce-25856e911b36,
a8d8203a-4589-428e-aad2-ea802e471389,Right
a8d8203a-4589-428e-aad2-ea802e471389,
a925ec23-c69a-43a4-a929-efab562ec79f,Right
a925ec23-c69a-43a4-a929-efab562ec79f,
a973071e-ec9b-4819-8f00-3fbdf3d07003,Left
a973071e-ec9b-4819-8f00-3fbdf3d07003,
a97662f3-eeff-4826-a470-9d14e5607cb8,Right
a97662f3-eeff-4826-a470-9d14e5607cb8,
a98234e1-cd47-470a-8212-8c795c1e6a86,Right
a98234e1-cd47-470a-8212-8c795c1e6a86,
aa8235a0-3302-4f83-936b-2728d2914613,Left
aa8235a0-3302-4f83-936b-2728d2914613,
abb5dddf-2180-490b-bda1-851927d3b958,Right
abb5dddf-2180-490b-bda1-851927d3b958,
acf1b79e-3649-4285-899c-a1e37018581a,Left
acf1b79e-3649-4285-899c-a1e37018581a,
ad2a0c2f-ce8d-4af5-881b-aab66887e5d7,Left
ad2a0c2f-ce8d-4af5-881b-aab66887e5d7,
ad932c47-548c-44d1-801e-c651f5323046,Right
ad932c47-548c-44d1-801e-c651f5323046,
aecbc3cb-59c5-4e4e-8925-069abd8e1c15,Right
aecbc3cb-59c5-4e4e-8925-069abd8e1c15,
af7d66b5-403d-4aab-ac1b-4cb22d9de9fa,Right
af7d66b5-403d-4aab-ac1b-4cb22d9de9fa,
b0f580ba-5a44-4fda-9157-9af9c0d17159,Right
b0f580ba-5a44-4fda-9157-9af9c0d17159,
b15c6666-e7fa-4078-8bad-0104714ace6b,Right
b15c6666-e7fa-4078-8bad-0104714ace6b,
b1d5c5b0-b07c-4ea6-a106-57c9049a07b9,Right
b1d5c5b0-b07c-4ea6-a106-57c9049a07b9,
b256eb0c-9e71-4d14-87db-1216be80a246,Left
b256eb0c-9e71-4d14-87db-1216be80a246,
b265dcfc-a3c2-4ff3-89c6-c3a3e4156fd4,Left
b265dcfc-a3c2-4ff3-89c6-c3a3e4156fd4,
b272b82d-9a03-404a-990c-f305dc8f3050,Right
b272b82d-9a03-404a-990c-f305dc8f3050,
b3a17af5-d043-4f2f-b9e5-8e191d0c8aaa,Right
b3a17af5-d043-4f2f-b9e5-8e191d0c8aaa,
b3e7ea43-4af5-449e-92a1-2642cf35a7a7,Left
b3e7ea43-4af5-449e-92a1-2642cf35a7a7,
b4792829-fefb-40a9-b136-63e19bbed7f2,Left
b4792829-fefb-40a9-b136-63e19bbed7f2,
b5c572aa-2a0c-4db8-a52d-a83cda5cc8d6,Left
b5c572aa-2a0c-4db8-a52d-a83cda5cc8d6,
b71fb6be-5524-4c37-84df-cb4e95d34f2b,Right
b71fb6be-5524-4c37-84df-cb4e95d34f2b,
b797ece5-54cb-4d34-9bac-9a42f0c37d6f,Right
b797ece5-54cb-4d34-9bac-9a42f0c37d6f,
b840383b-2266-48a1-bfef-91d652ec3f62,Right
b840383b-2266-48a1-bfef-91d652ec3f62,
b8e266a9-1c3b-483a-8ee8-a490da31195b,Right
b8e266a9-1c3b-483a-8ee8-a490da31195b,
b965e522-18e6-46ff-8d65-fee6a7ea48ec,Right
b965e522-18e6-46ff-8d65-fee6a7ea48ec,
ba32bc4e-212b-4d9f-bea7-4d6cb7448e9b,Left
ba32bc4e-212b-4d9f-bea7-4d6cb7448e9b,
bb73a1c7-f733-4746-84ad-817d778187a3,Right
bb73a1c7-f733-4746-84ad-817d778187a3,
bd821dbb-8ac4-4a3b-9f4f-39aef8f26844,Left
bd821dbb-8ac4-4a3b-9f4f-39aef8f26844,
bfdd7fa9-8872-4dbb-ad29-bdc4aa2134d7,Right
bfdd7fa9-8872-4dbb-ad29-bdc4aa2134d7,
c205bbdd-1e6f-4930-95c5-3472fb05927e,Right
c205bbdd-1e6f-4930-95c5-3472fb05927e,
c40ca18a-b9ab-4ca9-9090-0be827f47539,Right
c40ca18a-b9ab-4ca9-9090-0be827f47539,
c5b2834c-8357-4ef8-989a-5114ea6eb6ce,Right
c5b2834c-8357-4ef8-989a-5114ea6eb6ce,
c608ba67-4b29-4e47-b8c0-b097b841676a,Left
c608ba67-4b29-4e47-b8c0-b097b841676a,
c6b09540-12f4-44b2-b28d-d2c15176288c,Right
c6b09540-12f4-44b2-b28d-d2c15176288c,
c79f8bca-ae3f-4c8c-b319-413004e05263,Left
c79f8bca-ae3f-4c8c-b319-413004e05263,
c82d73db-c574-4cbe-9363-0b33069df83d,Right
c82d73db-c574-4cbe-9363-0b33069df83d,
c8643b2d-a963-4e17-be5c-f3afd54aa4bd,Right
c8643b2d-a963-4e17-be5c-f3afd54aa4bd,
c871e708-6a04-422e-8cf6-107440055b43,Left
c871e708-6a04-422e-8cf6-107440055b43,
c88a87fc-a2dd-4835-aac4-605757b0a1b9,Right
c88a87fc-a2dd-4835-aac4-605757b0a1b9,
ca53fb37-3315-4821-81b5-0f91c5c805e6,Right
ca53fb37-3315-4821-81b5-0f91c5c805e6,
cbb65a27-bdbd-4c30-874d-bd3938b3873f,Right
cbb65a27-bdbd-4c30-874d-bd3938b3873f,
cbcadc49-3c6f-41a8-a211-d78d84a902dd,Right
cbcadc49-3c6f-41a8-a211-d78d84a902dd,
cbddcfac-40c1-4701-84ba-08b85495f7df,Right
cbddcfac-40c1-4701-84ba-08b85495f7df,
cd80af07-2a87-4e76-86ef-c402d9dad0d2,Right
cd80af07-2a87-4e76-86ef-c402d9dad0d2,
cdce33da-56b1-47e8-a5ee-10ba7ff6a971,Right
cdce33da-56b1-47e8-a5ee-10ba7ff6a971,
cde0745f-8830-46fe-963d-895a666d62d3,Right
cde0745f-8830-46fe-963d-895a666d62d3,
ce92bb57-d18b-4522-8a37-9678d96c8783,Right
ce92bb57-d18b-4522-8a37-9678d96c8783,
cfbcc033-1702-4be4-b371-5df4447662be,Left
cfbcc033-1702-4be4-b371-5df4447662be,
cfe253f1-9e08-4dab-90e8-9571f698f46d,Left
cfe253f1-9e08-4dab-90e8-9571f698f46d,
d68cdf22-c3a1-45e4-9a22-161925aa5663,Left
d68cdf22-c3a1-45e4-9a22-161925aa5663,
d6ba02bb-dcf3-473d-8389-818149dd42a3,Right
d6ba02bb-dcf3-473d-8389-818149dd42a3,
d78a259b-534b-4b07-ab91-89ec624363b3,Right
d78a259b-534b-4b07-ab91-89ec624363b3,
d8cb48cf-df8b-4a63-a7fd-ccec41df0c2b,Left
d8cb48cf-df8b-4a63-a7fd-ccec41df0c2b,
d8e246ea-a39e-41ff-935c-cf0249aa9d6d,Right
d8e246ea-a39e-41ff-935c-cf0249aa9d6d,
d9014820-0634-454c-95fa-6d7bc0c7178f,Right
d9014820-0634-454c-95fa-6d7bc0c7178f,
d9253503-4ef4-466b-91c8-4db498f7face,Right
d9253503-4ef4-466b-91c8-4db498f7face,
db078daf-d349-4793-b84e-d4df590abd67,Right
db078daf-d349-4793-b84e-d4df590abd67,
dce53ead-1673-4e93-85c1-90df34e888ac,Right
dce53ead-1673-4e93-85c1-90df34e888ac,
dd518bb3-8c4f-493c-a9d9-1bfabf9b4cd0,Left
dd518bb3-8c4f-493c-a9d9-1bfabf9b4cd0,
dd6287f6-f598-4082-b3b2-5f798c4b4b31,Right
dd6287f6-f598-4082-b3b2-5f798c4b4b31,
de0fef0c-23e8-4dc7-8773-3ea858e10cb0,Left
de0fef0c-23e8-4dc7-8773-3ea858e10cb0,
e009eceb-8760-4619-96e3-ec962682ef8e,Left
e009eceb-8760-4619-96e3-ec962682ef8e,
e054b4ff-6926-4acf-b52d-f19aabd7d523,Right
e054b4ff-6926-4acf-b52d-f19aabd7d523,
e28a6fde-0b54-4b09-a079-fbc235806ccf,Left
e28a6fde-0b54-4b09-a079-fbc235806ccf,
e3fd55dc-4ec9-4e65-8a0d-22b4114ec091,Left
e3fd55dc-4ec9-4e65-8a0d-22b4114ec091,
e4075bda-200c-4d92-8769-57ea618cdd77,Right
e4075bda-200c-4d92-8769-57ea618cdd77,
e728057a-b25d-4533-ba3c-a6d214c588d7,Right
e728057a-b25d-4533-ba3c-a6d214c588d7,
e871cd41-e5ec-4029-819b-1159e6ec6f9d,Left
e871cd41-e5ec-4029-819b-1159e6ec6f9d,
e945fde5-31fc-4cb2-9ef5-55eba23ce93b,Left
e945fde5-31fc-4cb2-9ef5-55eba23ce93b,
ea6288f7-7730-4d1c-835b-a18365f9c4ec,Left
ea6288f7-7730-4d1c-835b-a18365f9c4ec,
eb344d33-63dc-4df8-8909-0c9bcf8454ff,Right
eb344d33-63dc-4df8-8909-0c9bcf8454ff,
ec451c07-8f7e-42a3-94e6-f0093072730e,Right
ec451c07-8f7e-42a3-94e6-f0093072730e,
eca8add1-249f-4a0d-9143-c339ad154257,Left
eca8add1-249f-4a0d-9143-c339ad154257,
ecc2b3f8-e42d-4c23-8832-e652536e843a,Left
ecc2b3f8-e42d-4c23-8832-e652536e843a,
ed2ef6cf-1f10-4a40-a73e-7736adea86b2,Right
ed2ef6cf-1f10-4a40-a73e-7736adea86b2,
ed96a89e-27ec-434d-8e06-f30623b68c47,Left
ed96a89e-27ec-434d-8e06-f30623b68c47,
ef24221d-f700-4607-8919-f2097439d500,Right
ef24221d-f700-4607-8919-f2097439d500,
efb9e12b-9389-4e1d-9c54-5e1f692b154f,Right
efb9e12b-9389-4e1d-9c54-5e1f692b154f,
f0b67bb1-65cc-4126-ae05-c529e646d8ff,Right
f0b67bb1-65cc-4126-ae05-c529e646d8ff,
f30a2928-7ad4-48d3-82a1-dc02b1cbf2f0,Right
f30a2928-7ad4-48d3-82a1-dc02b1cbf2f0,
f4968a57-2ea3-4aa3-b955-e4008bf97356,Right
f4968a57-2ea3-4aa3-b955-e4008bf97356,
f4be4044-b575-4a2b-bbcc-b97450329e7c,Right
f4be4044-b575-4a2b-bbcc-b97450329e7c,
f4ca5759-d340-4432-965f-d2a187dfc4a6,Right
f4ca5759-d340-4432-965f-d2a187dfc4a6,
f56ed8fc-456b-47ff-913c-07facaaeea00,Right
f56ed8fc-456b-47ff-913c-07facaaeea00,
f58e6931-386f-4dfd-b007-3a0871201c79,Right
f58e6931-386f-4dfd-b007-3a0871201c79,
f5bdcc87-eea0-4006-9860-f21d4241ff57,Left
f5bdcc87-eea0-4006-9860-f21d4241ff57,
f6815094-1bee-4002-b74a-859fc920d9e7,Right
f6815094-1bee-4002-b74a-859fc920d9e7,
f6978ce2-eb8b-4dde-96c4-7d8aa260a32e,Left
f6978ce2-eb8b-4dde-96c4-7d8aa260a32e,
f785bd35-1ef6-477b-9821-b2684d111dcd,Left
f785bd35-1ef6-477b-9821-b2684d111dcd,
f7e3b4e1-18fb-49a4-9d09-366d14a45c08,Left
f7e3b4e1-18fb-49a4-9d09-366d14a45c08,
f7f48882-42c6-4c4f-8b34-6d6f0c442084,Left
f7f48882-42c6-4c4f-8b34-6d6f0c442084,
f85c15d1-ca42-4c76-9859-c3975ebdfda4,Right
f85c15d1-ca42-4c76-9859-c3975ebdfda4,
fbb01fcd-42d4-44ea-a243-86d3568389d3,Right
fbb01fcd-42d4-44ea-a243-86d3568389d3,
fc16d437-2594-4598-b47f-d1aeaabadffd,Left
fc16d437-2594-4598-b47f-d1aeaabadffd,
fc6ff4a0-93bc-4cf7-9c71-e7b93131876c,Right
fc6ff4a0-93bc-4cf7-9c71-e7b93131876c,
fc8acb27-8bc0-4a47-ae27-4bc8b47c4681,Right
fc8acb27-8bc0-4a47-ae27-4bc8b47c4681,
fc9dd17a-43c2-4697-8de6-808ba7e2b323,Right
fc9dd17a-43c2-4697-8de6-808ba7e2b323,
fc9f1eda-940f-4f98-a115-4a2ee00d3826,Right
fc9f1eda-940f-4f98-a115-4a2ee00d3826,
fce4fbaa-13b9-414b-a614-640975ac3728,Left
fce4fbaa-13b9-414b-a614-640975ac3728,
fda7ff03-59a2-4e8c-bd8d-096f0410f9a3,Right
fda7ff03-59a2-4e8c-bd8d-096f0410f9a3,
